ID,Gene_ID
Actinia_equina,38458764
Metridium_senile,808778
Pelagia_noctiluca,82289618
Cassiopea_xamachana,11473187
Mnemiopsis_leidyi,11271689
Symsagittifera_roscoffensis,9829947
Brachionus_plicatilis,6091394
Katharina_tunicata,807834
Cryptochiton_stelleri,24121139
Placopecten_magellanicus,3562063
Argopecten_purpuratus,26037591
Mimachlamys_varia,71450356
Magallana_gigas,808829
Ostrea_edulis,11341134
Saccostrea_cuccullata,25396327
Brachidontes_pharaonis,72724650
Geukensia_demissa,71456028
Mytilus_californianus,11123307
Mytilus_galloprovincialis,3332122
Mytilus_trossulus,3854376
Perna_viridis,13435563
Perna_perna,22974661
Perna_canaliculus,63651044
Septifer_virgatus,77081929
Laternula_elliptica,17674902
Cerastoderma_edule,33910912
Tridacna_gigas,59143226
Donax_trunculus,34680298
Donax_vittatus,34680375
Macoma_balthica,44796743
Mya_arenaria,20159510
Arctica_islandica,17427969
Corbicula_fluminea,44790267
Dosinia_japonica,37501108
Mercenaria_mercenaria,55289764
Ruditapes_philippinarum,29141324
Ruditapes_decussatus,33912925
Echyridella_menziesii,32951387
Cumberlandia_monodonta,32951426
Margaritifera_laevis,81491133
Margaritifera_margaritifera,40879715
Amblema_plicata,58118300
Quadrula_quadrula,8677245
Microcondylaea_bonellii,41042474
Potomida_littoralis,27440829
Lamellidens_marginalis,71943690
Alasmidonta_heterodon,36485335
Anodonta_anatina,17623036
Anodonta_cygnea,35200109
Pseudanodonta_complanata,67148062
Pyganodon_grandis,8677291
Sinanodonta_woodiana,20466159
Unio_pictorum,10354717
Gibbula_umbilicalis,33906340
Haliotis_rubra,2846698
Clithon_retropictum,38745231
Pomacea_canaliculata,19909191
Buccinum_undatum,39111817
Potamopyrgus_antipodarum,77843114
Aplysia_californica,2768705
Bulinus_globosus,70630963
Bulinus_truncatus,70630849
Ferrissia_californica,89915782
Biomphalaria_glabrata,2746309
Biomphalaria_pfeifferi,37500870
Physella_acuta,18129216
Succinea_putris,11341305
Discus_perspectivus,74556048
Ambigolimax_valentianus,79584016
Helix_pomatia,39411721
Nautilus_pompilius,33909611
Doryteuthis_opalescens,7996660
Heterololigo_bleekeri,809436
Sepioteuthis_lessoniana,3950664
Uroteuthis_chinensis,26120123
Uroteuthis_duvauceli,25396619
Uroteuthis_edulis,12354646
Liocranchia_reinhardtii,84369715
Abraliopsis_morisii,84369935
Watasenia_scintillans,3974257
Histioteuthis_bonnellii,77420849
Illex_argentinus,24143649
Dosidicus_gigas,5469447
Sthenoteuthis_oualaniensis,6261943
Thysanoteuthis_rhombus,68212255
Sepia_apama,17098754
Sepia_elegans,77420916
Sepia_officinalis,3950362
Sepia_orbignyana,77420877
Sepia_pharaonis,15333716
Sepiella_inermis,17427652
Sepietta_obscura,74548266
Rossia_macrosoma,74548038
Spirula_spirula,32881251
Argonauta_argo,77651830
Argonauta_hians,35093646
Japetella_diaphana,76825787
Eledone_cirrhosa,77651869
Enteroctopus_dofleini,65342630
Amphioctopus_aegina,27107981
Amphioctopus_fangsiao,3974424
Octopus_bimaculoides,27205957
Octopus_cyanea,38340628
Octopus_mimus,41041340
Octopus_vulgaris,3101925
Pteroctopus_tetracirrhus,77421070
Vampyroteuthis_infernalis,5333369
Flustra_foliacea,11540588
Hediste_diversicolor,67144939
Urechis_caupo,3119716
Lumbricus_terrestris,807923
Aporrectodea_caliginosa,74993521
Eisenia_andrei,73938177
Eisenia_fetida,73938216
Barbronia_weberi,79125857
Theromyzon_tessulatum,77421892
Lineus_viridis,8097116
Caenorhabditis_elegans,2565700
Rhizoglyphus_robini,37500833
Artemia_salina,67147928
Artemia_urmiana,76810902
Eubranchipus_grubii,58904570
Streptocephalus_sirindhornae,23764674
Branchinella_kugenumaensis,63651573
Daphnia_carinata,26118515
Daphnia_magna,24147205
Daphnia_pulex,808488
Simocephalus_serrulatus,70626230
Diaphanosoma_excisum,69221098
Lepidurus_arcticus,41792804
Triops_granarius,41826657
Triops_longicaudatus,2914133
Pollicipes_polymerus,2846718
Amphibalanus_amphitrite,19907497
Eurytemora_affinis,54124867
Lepeophtheirus_salmonis,67122592
Jassa_falcata,74566419
Gammarus_fossarum,32958196
Gammarus_roeselii,37276043
Hyalella_azteca,38169113
Euphausia_superba,39119080
Litopenaeus_stylirostris,7411821
Penaeus_japonicus,3416042
Fenneropenaeus_chinensis,5333400
Paratya_australiensis,25077078
Homarus_gammarus,14411952
Homarus_americanus,10743685
Pacifastacus_leniusculus,30899349
Austropotamobius_torrentium,30898119
Procambarus_clarkii,11763610
Panulirus_versicolor,26381478
Paralithodes_camtschaticus,14412075
Birgus_latro,42268470
Cancer_pagurus,60458190
Charybdis_bimaculata,36934962
Portunus_trituberculatus,1482824
Folsomia_candida,70616950
Orchesella_cincta,30690442
Lepisma_saccharina,54616157
Locusta_migratoria,807962
Extatosoma_tiaratum,12354669
Bemisia_tabaci,3077223
Acyrthosiphon_pisum,7055888
Nezara_viridula,7113287
Aedes_aegypti,33307557
Culex_pipiens,10200328
Plodia_interpunctella,26038708
Bombyx_mori,809266
Manduca_sexta,5848747
Spodoptera_frugiperda,25768279
Helicoverpa_armigera,9977712
Linepithema_humile,42265442
Ophiura_albida,6295783
Pisaster_ochraceus,40487529
Acanthaster_planci,3907688
Protoreaster_nodosus,63650033
Crossaster_papposus,63044542
Sterechinus_neumayeri,24286986
Mesocentrotus_franciscanus,19524199
Strongylocentrotus_droebachiensis,5692625
Strongylocentrotus_pallidus,5692582
Strongylocentrotus_purpuratus,2652718
Lytechinus_variegatus,36941438
Paracentrotus_lividus,807707
Loxechinus_albus,18667044
Echinocardium_cordatum,8803598
Holothuria_scabra,24285871
Branchiostoma_floridae,808726
Ascidiella_aspersa,15820803
Ciona_intestinalis,12977600
Botrylloides_violaceus,19592741
Styela_plicata,8656154
Myxine_glutinosa,802350
Geotria_australis,26893259
Mordacia_mordax,77428378
Petromyzon_marinus,807802
Ichthyomyzon_fossor,22161480
Ichthyomyzon_gagei,32229130
Entosphenus_tridentatus,75508064
Lethenteron_appendix,22162120
Lethenteron_camtschaticum,14690313
Lampetra_aepyptera,24143961
Lampetra_fluviatilis,808817
Callorhinchus_capensis,9385331
Callorhinchus_milii,9385346
Chimaera_monstrosa,803905
Chimaera_fulva,9385542
Rhinochimaera_pacifica,9385611
Hemiscyllium_ocellatum,41799809
Chiloscyllium_plagiosum,7768744
Stegostoma_fasciatum,26898174
Rhincodon_typus,18267178
Ginglymostoma_cirratum,27909905
Galeus_melastomus,56139854
Scyliorhinus_canicula,808296
Scyliorhinus_retifer,84875897
Mustelus_manazo,808691
Mustelus_mustelus,38288993
Triakis_megalopterus,82129073
Triakis_semifasciata,82129889
Galeorhinus_galeus,86140271
Hemitriakis_japanica,24018989
Carcharhinus_acronotus,19221832
Carcharhinus_albimarginatus,54599921
Carcharhinus_amblyrhynchos,54620588
Carcharhinus_brachyurus,67271098
Carcharhinus_brevipinna,24285748
Carcharhinus_falciformis,40145943
Carcharhinus_leucas,18490293
Carcharhinus_longimanus,25099166
Carcharhinus_macloti,20356980
Carcharhinus_melanopterus,19592028
Carcharhinus_obscurus,14841437
Carcharhinus_plumbeus,19909413
Carcharhinus_sorrah,18490279
Galeocerdo_cuvier,16695711
Rhizoprionodon_acutus,44150273
Prionace_glauca,17674435
Negaprion_brevirostris,79128022
Loxodon_macrorhinus,27213901
Scoliodon_laticaudus,41698893
Triaenodon_obesus,22974641
Hemipristis_elongata,30513503
Sphyrna_lewini,17427439
Sphyrna_mokarran,33868469
Sphyrna_tiburo,26374504
Sphyrna_zygaena,22283801
Eusphyra_blochii,30213947
Carcharias_taurus,18490265
Lamna_ditropis,19591703
Lamna_nasus,31082879
Isurus_oxyrinchus,25099128
Carcharodon_carcharias,17046287
Pseudocarcharias_kamoharai,22909323
Alopias_pelagicus,17674477
Alopias_superciliosus,15824684
Alopias_vulpinus,56138460
Cetorhinus_maximus,18129857
Mitsukurina_owstoni,7256515
Chlamydoselachus_anguineus,17428443
Heptranchias_perlo,17428457
Notorynchus_cepedianus,17428471
Squalus_acanthias,808385
Squalus_blainville,69241981
Squalus_montalbani,26376216
Somniosus_microcephalus,56138383
Somniosus_pacificus,17428513
Squatina_dumeril,55288098
Amblyraja_georgiana,36956242
Amblyraja_radiata,808714
Beringraja_binoculata,84878063
Beringraja_pulchra,22157959
Beringraja_rhina,16489250
Beringraja_stellulata,84877493
Dipturus_batis,54105519
Dipturus_innominatus,36955786
Dipturus_kwangtungensis,18489715
Dipturus_oxyrinchus,36955976
Dipturus_trachyderma,25021134
Leucoraja_erinacea,11452180
Leucoraja_naevus,36956014
Okamejei_kenojei,3453279
Raja_asterias,36956090
Raja_brachyura,56138421
Raja_clavata,36956166
Raja_miraletus,36956204
Raja_polystigma,36956128
Raja_undulata,69241943
Zearaja_chilensis,18984391
Zearaja_nasuta,36955748
Bathyraja_albomaculata,36955862
Bathyraja_aleutica,84877721
Bathyraja_griseocauda,36955900
Bathyraja_interrupta,84878101
Bathyraja_maculata,84877759
Bathyraja_parmifera,84876771
Bathyraja_taranetzi,84877797
Atlantoraja_castelnaui,22549056
Torpedo_marmorata,69242019
Narcine_brasiliensis,32887029
Anoxypristis_cuspidata,22975913
Pristis_pectinata,24404091
Rhynchobatus_laevis,54591610
Acroteriobatus_annulatus,76827825
Zapteryx_exasperata,20466084
Dasyatis_pastinaca,67787178
Neotrygon_kuhlii,16217048
Pteroplatytrygon_violacea,19908865
Gymnura_altavela,69241905
Aetobatus_flagellum,17674743
Mobula_japanica,13825522
Rhinoptera_bonasus,84889380
Erpetoichthys_calabaricus,2657812
Polypterus_senegalus,805681
Polyodon_spathula,805409
Acipenser_baerii,12079522
Acipenser_brevirostrum,30769034
Acipenser_dabryanus,2746351
Acipenser_fulvescens,27982425
Acipenser_gueldenstaedtii,7768854
Acipenser_medirostris,26217896
Acipenser_nudiventris,27983630
Acipenser_oxyrinchus,26129074
Acipenser_schrenckii,16216639
Acipenser_sinensis,7804425
Acipenser_stellatus,2762965
Acipenser_sturio,24703284
Acipenser_transmontanus,807184
Huso_huso,2657115
Huso_dauricus,18887480
Scaphirhynchus_albus,27982387
Scaphirhynchus_suttkusi,34926077
Scaphirhynchus_platorynchus,27982463
Amia_calva,807212
Atractosteus_spatula,4108056
Lepisosteus_oculatus,807203
Lepisosteus_osseus,4100055
Lepisosteus_platyrhincus,27108840
Elops_saurus,2763008
Megalops_atlanticus,2763022
Albula_vulpes,84889114
Halosauropsis_macrochir,33949844
Anguilla_anguilla,3190264
Anguilla_japonica,802965
Muraenesox_bagio,8673186
Muraenesox_cinereus,67268481
Gymnothorax_kidako,805634
Hiodon_tergisus,10200408
Hiodon_alosoides,2648286
Osteoglossum_bicirrhosum,803863
Chitala_chitala,77617938
Notopterus_notopterus,7902267
Arapaima_gigas,6197795
Heterotis_niloticus,10200394
Coilia_mystus,14050032
Coilia_nasus,5228881
Setipinna_taty,14690354
Thryssa_mystax,87750139
Thryssa_setirostris,37540622
Anchoa_mitchilli,84517110
Anchoa_tricolor,89443941
Engraulis_encrasicolus,5228700
Engraulis_japonicus,803847
Engraulis_mordax,39332120
Engraulis_ringens,40496885
Lycengraulis_grossidens,9385213
Stolephorus_commersonnii,30900659
Stolephorus_insularis,40496923
Stolephorus_waitei,40493272
Jenkinsia_lamprotaenia,3338284
Spratelloides_delicatulus,5228925
Spratelloides_gracilis,5228851
Ilisha_africana,5228895
Ilisha_elongata,5228867
Opisthopterus_tardoore,33133152
Clupea_harengus,5228438
Clupea_pallasii,5228463
Gudusia_chapra,11540366
Hyperlophus_vittatus,11538750
Potamalosa_richmondia,11538792
Sprattus_sprattus,5228740
Clupeichthys_aesarnensis,11539843
Clupeonella_cultriventris,10201175
Alosa_aestivalis,35993666
Alosa_alabamae,26128504
Alosa_alosa,5228800
Alosa_mediocris,35993628
Alosa_sapidissima,9978347
Alosa_pseudoharengus,5228487
Brevoortia_tyrannus,9384868
Sardina_pilchardus,5228455
Sardinops_sagax,67148329
Limnothrissa_miodon,76815234
Stolothrissa_tanganicae,76815196
Anodontostoma_chacunda,15824725
Tenualosa_ilisha,11539147
Tenualosa_toli,11539815
Amblygaster_sirm,33133228
Clupanodon_thrissa,13620989
Dorosoma_cepedianum,4107947
Dorosoma_petenense,5228759
Escualosa_thoracata,11540024
Ethmalosa_fimbriata,5228822
Konosirus_punctatus,11539615
Opisthonema_oglinum,84875669
Sardinella_aurita,89445500
Sardinella_albella,11540639
Sardinella_brasiliensis,89445538
Sardinella_gibbosa,36271852
Sardinella_lemuru,38280779
Sardinella_longiceps,30863601
Sardinella_maderensis,5228732
Harengula_jaguana,11538464
Alepocephalus_bairdii,8656190
Chanos_chanos,807036
Cirrhinus_cirrhosus,31085111
Cirrhinus_mrigala,12079750
Labeo_bata,10251198
Labeo_calbasu,12079793
Labeo_catla,11705421
Labeo_rohita,12079592
Tor_putitora,16216612
Cyprinus_carpio,13435860
Carassius_auratus,3200568
Carassius_carassius,3021858
Carassius_gibelio,9222066
Barbus_barbus,4575415
Capoeta_gracilis,19908737
Luciobarbus_sclateri,29992592
Oxygymnocypris_stewartii,17428293
Schizothorax_dulongensis,68222349
Schizothorax_waltoni,14841243
Ptychobarbus_dipogon,19907656
Hemiculter_leucisculus,17728310
Danio_rerio,140539
Hypophthalmichthys_molitrix,5797764
Hypophthalmichthys_nobilis,5845981
Ctenopharyngodon_idella,5857708
Tinca_tinca,4575359
Rhodeus_amarus,29992820
Abbottina_rivularis,18667294
Gobio_gobio,4575345
Phoxinus_phoxinus,14658604
Chrosomus_erythrogaster,29994036
Gila_coerulea,75517080
Gila_cypha,63652228
Gila_elegans,63880479
Gila_robusta,4100360
Ptychocheilus_lucius,63880441
Ptychocheilus_oregonensis,75517004
Siphateles_bicolor,75517118
Acrocheilus_alutaceus,31083505
Lavinia_exilicauda,31083581
Alburnus_alburnus,4575429
Notemigonus_crysoleucas,4575387
Abramis_brama,14658576
Iberochondrostoma_lemmingii,4100387
Pseudochondrostoma_polylepis,29994188
Rutilus_rutilus,76828529
Scardinius_erythrophthalmus,29993694
Squalius_cephalus,29992896
Meda_fulgida,26129112
Semotilus_atromaculatus,31084189
Rhynchocypris_oxycephalus,24570938
Mylocheilus_caurinus,8746899
Pogonichthys_macrolepidotus,31084037
Richardsonius_egregius,75509260
Exoglossum_maxillingua,35993590
Oregonichthys_crameri,75508910
Rhinichthys_atratulus,31084075
Rhinichthys_cataractae,31084113
Campostoma_anomalum,4100347
Blicca_bjoerkna,14658562
Cyprinella_lutrensis,4575373
Cyprinella_venusta,86115036
Dionda_diaboli,63652380
Hybognathus_amarus,63652342
Hybognathus_nuchalis,29993922
Hybognathus_placitus,67137923
Hybopsis_amnis,83239869
Luxilus_chrysocephalus,31083391
Luxilus_cornutus,31083619
Luxilus_pilsbryi,86114847
Lythrurus_umbratilis,31083771
Macrhybopsis_hyostoma,28262436
Macrhybopsis_meeki,31083809
Macrhybopsis_storeriana,28253278
Notropis_atherinoides,31083429
Notropis_bifrenatus,31083885
Notropis_boops,86115149
Notropis_buccula,89431770
Notropis_buccatus,86114997
Notropis_chalybaeus,35993324
Notropis_chrosomus,31084227
Notropis_girardi,83238684
Notropis_heterolepis,35993362
Notropis_hudsonius,35993552
Notropis_jemezanus,63652418
Notropis_maculatus,86114885
Notropis_oxyrhynchus,89431732
Notropis_stramineus,4100045
Notropis_texanus,86114923
Notropis_volucellus,83239831
Opsopoeodus_emiliae,31083467
Phenacobius_mirabilis,4100377
Pimephales_notatus,31083999
Pimephales_promelas,26048342
Platygobio_gracilis,29993998
Catostomus_catostomus,35993514
Catostomus_columbianus,75509107
Catostomus_commersonii,4575315
Catostomus_latipinnis,63652456
Catostomus_macrocheilus,75509068
Catostomus_microps,75517042
Catostomus_rimiculus,75509027
Catostomus_tahoensis,75517156
Catostomus_warnerensis,75509375
Chasmistes_brevirostris,75509183
Deltistes_luxatus,63652266
Xyrauchen_texanus,5848376
Erimyzon_oblongus,8250901
Minytrema_melanops,4100460
Hypentelium_nigricans,4575442
Thoburnia_rhothoeca,29996430
Moxostoma_congestum,8251024
Moxostoma_duquesnii,86114618
Moxostoma_erythrurum,86114542
Moxostoma_poecilurum,4575636
Cycleptus_elongatus,4575609
Carpiodes_carpio,2657135
Carpiodes_cyprinus,65343631
Ictiobus_cyprinellus,23629722
Ictiobus_bubalus,8250983
Barbatula_barbatula,24404666
Hedinichthys_yarkandensis,25020975
Triplophysa_anterodorsalis,19909425
Triplophysa_rosa,14048437
Hoplias_malabaricus,67271496
Piaractus_brachypomus,20834349
Piaractus_mesopotamicus,20466126
Pygocentrus_nattereri,10965877
Prochilodus_lineatus,20466111
Megaleporinus_obtusidens,32958798
Salminus_brasiliensis,20466642
Paracheirodon_innesi,26128656
Corydoras_aeneus,72649995
Pterygoplichthys_disjunctivus,10953123
Liobagrus_marginatus,17727861
Horabagrus_brachysoma,27909867
Bagarius_yarrelli,16016867
Creteuchiloglanis_macropterus,26374542
Euchiloglanis_kishinouyei,16016755
Glyptosternon_maculatum,16016741
Glyptothorax_fokiensis,13825324
Glyptothorax_macromaculatus,38281465
Synodontis_clarias,72627888
Malapterurus_electricus,10965755
Silurus_glanis,9384764
Wallago_attu,72646086
Clarias_gariepinus,25103336
Plotosus_lineatus,27108802
Tandanus_tandanus,83248334
Heteropneustes_fossilis,10965300
Ailia_coila,44802744
Genidens_barbus,89444625
Netuma_thalassina,27982335
Austroglanis_gilli,71457478
Pseudobagrus_vachellii,10079788
Rita_rita,18252183
Chrysichthys_nigrodigitatus,40487255
Pangasianodon_hypophthalmus,16216569
Pseudoplatystoma_corruscans,24145652
Pseudoplatystoma_reticulatum,31078461
Sorubim_lima,70586351
Lophiosilurus_alexandri,24145614
Cranoglanis_bouderius,4237624
Ictalurus_furcatus,26118485
Ictalurus_punctatus,804884
Pylodictis_olivaris,35198235
Ameiurus_melas,76828643
Ameiurus_natalis,35115181
Ameiurus_nebulosus,35198287
Noturus_albater,88563552
Noturus_exilis,83239907
Noturus_gyrinus,75517270
Glossanodon_semifasciatus,806708
Galaxias_maculatus,806661
Coregonus_artedi,35115257
Coregonus_autumnalis,24571114
Coregonus_clupeaformis,14842633
Coregonus_lavaretus,802355
Coregonus_nasus,14842605
Prosopium_cylindraceum,14842661
Prosopium_williamsoni,14842647
Stenodus_leucichthys,14842619
Thymallus_arcticus,65335904
Thymallus_thymallus,8139830
Thymallus_tugarinae,24691053
Oncorhynchus_gilae,67137847
Oncorhynchus_gorbuscha,6383213
Oncorhynchus_keta,12486861
Oncorhynchus_kisutch,4955088
Oncorhynchus_mykiss,807975
Oncorhynchus_nerka,4555712
Oncorhynchus_tshawytscha,803439
Salmo_trutta,5759299
Salmo_salar,808314
Salvelinus_alpinus,808548
Salvelinus_curilus,19909155
Salvelinus_fontinalis,808529
Salvelinus_leucomaenis,17674841
Salvelinus_malma,36488439
Salvelinus_namaycush,35115219
Esox_lucius,806651
Dallia_pectoralis,806679
Umbra_limi,26128770
Umbra_pygmaea,17097853
Hypomesus_nipponensis,10322846
Hypomesus_olidus,23631061
Osmerus_eperlanus,62623756
Spirinchus_thaleichthys,79125229
Thaleichthys_pacificus,75508217
Retropinna_semoni,29289193
Saurida_undosquamis,804159
Chlorophthalmus_agassizi,804136
Notoscopelus_resplendens,85138168
Triphoturus_mexicanus,36280476
Benthosema_pterotum,54597259
Electrona_carlsbergi,35093346
Myctophum_affine,804190
Lampris_guttatus,804034
Percopsis_omiscomaycus,76828567
Percopsis_transmontana,804237
Aphredoderus_sayanus,805561
Allocyttus_niger,805926
Zeus_faber,803982
Arctogadus_glacialis,5788207
Boreogadus_saida,5788016
Eleginus_gracilis,42438236
Gadus_chalcogrammus,806153
Gadus_macrocephalus,35985479
Gadus_morhua,808455
Micromesistius_poutassou,10200936
Melanogrammus_aeglefinus,3674073
Merlangius_merlangus,3674088
Pollachius_pollachius,10200870
Pollachius_virens,10200803
Brosme_brosme,72614136
Lota_lota,805493
Molva_dypterygia,59422276
Coryphaenoides_armatus,84888924
Coelorinchus_caelorhincus,84889228
Merluccius_hubbsi,89445005
Merluccius_senegalensis,77629778
Beryx_decadactylus,805581
Beryx_splendens,804045
Sargocentron_diadema,87700490
Carapus_bermudensis,805698
Kurtus_gulliveri,17098922
Eleotris_oxycephala,24146883
Lesueurigobius_friesii,62623832
Neogobius_melanostomus,62623718
Pomatoschistus_minutus,70615634
Rhinogobius_brunneus,26219683
Perccottus_glenii,14658359
Boleophthalmus_pectinirostris,44273573
Gymnogobius_urotaenia,26219568
Parapocryptes_serperaster,26896826
Taenioides_cirratus,79045002
Tridentiger_bifasciatus,11123290
Hippocampus_erectus,17428340
Hippocampus_hippocampus,42263140
Hippocampus_kuda,5848770
Hippocampus_reidi,26037033
Hippocampus_zosterae,74193674
Phyllopteryx_taeniolatus,74193750
Syngnathoides_biaculeatus,35996586
Macroramphosus_scolopax,5848813
Fistularia_commersonii,5848853
Mullus_surmuletus,62623794
Parupeneus_multifasciatus,19524451
Upeneus_sulphureus,72648410
Upeneus_tragula,70902029
Promethichthys_prometheus,17099118
Scomber_australasicus,8703848
Scomber_colias,8703834
Scomber_japonicus,8703820
Scomber_scombrus,3126518
Acanthocybium_solandri,76330010
Scomberomorus_cavalla,4100013
Scomberomorus_sierra,31081552
Gymnosarda_unicolor,17099188
Sarda_orientalis,70613265
Sarda_sarda,62623680
Auxis_rochei,2703564
Auxis_thazard,2702872
Euthynnus_alletteratus,806206
Katsuwonus_pelamis,2702226
Thunnus_alalunga,2702243
Thunnus_albacares,9073208
Thunnus_atlanticus,22158252
Thunnus_maccoyii,9086890
Thunnus_obesus,9073180
Thunnus_orientalis,4363137
Thunnus_thynnus,807593
Thunnus_tonggol,14843557
Aphanopus_carbo,17099328
Trichiurus_nanhaiensis,13825592
Trichiurus_lepturus,13825592
Ariomma_indica,17099216
Pampus_argenteus,18267533
Peprilus_triacanthus,17099272
Arripis_trutta,10963922
Pomatomus_saltatrix,17099342
Mastacembelus_erythrotaenia,33194654
Monopterus_albus,803937
Anabas_testudineus,20160588
Channa_argus,10251165
Channa_marulius,17428025
Channa_punctata,40142006
Channa_striata,30511286
Betta_splendens,23631937
Osphronemus_goramy,29288505
Eleutheronema_tetradactylum,16017287
Coryphaena_equiselis,89444321
Alepes_djedaba,35996738
Alepes_kleinii,18490329
Atule_mate,22909527
Caranx_ignobilis,17728352
Decapterus_macrosoma,18267220
Decapterus_maruadsi,19908536
Megalaspis_cordyla,22161796
Selar_crumenophthalmus,18990594
Selaroides_leptolepis,26832671
Trachurus_japonicus,803418
Trachurus_symmetricus,84516920
Trachurus_trachurus,3253183
Naucrates_ductor,84891054
Seriola_dumerili,11669688
Seriola_lalandi,11669674
Seriola_quinqueradiata,11669660
Echeneis_naucrates,17099356
Lactarius_lactarius,42438998
Mene_maculata,36278468
Rachycentron_canadum,6904297
Sphyraena_barracuda,17099020
Sphyraena_jello,26897169
Sphyraena_sphyraena,88603514
Xiphias_gladius,7871601
Istiompax_indica,7871572
Istiophorus_albicans,17098936
Istiophorus_platypterus,7871586
Kajikia_audax,7871615
Makaira_nigricans,27437039
Tetrapturus_pfluegeri,27437077
Lates_calcarifer,3703589
Lates_niloticus,33911423
Psettodes_erumei,14412130
Paralichthys_dentatus,26898019
Paralichthys_lethostigma,26834551
Paralichthys_olivaceus,808849
Hippoglossus_hippoglossus,5405696
Hippoglossus_stenolepis,5405786
Reinhardtius_hippoglossoides,5405750
Hippoglossoides_dubius,75000088
Hippoglossoides_elassodon,84877911
Atheresthes_evermanni,85137553
Atheresthes_stomias,85137591
Cleisthenes_herzensteini,26043611
Eopsetta_jordani,84891245
Liopsetta_glacialis,84877113
Glyptocephalus_stelleri,70624484
Microstomus_achne,75000174
Microstomus_pacificus,84877949
Lepidopsetta_polyxystra,84878215
Lepidopsetta_bilineata,84876049
Parophrys_vetulus,75516852
Pleuronichthys_cornutus,17097588
Platichthys_bicoloratus,804402
Platichthys_stellatus,6386401
Pseudopleuronectes_americanus,84517300
Pseudopleuronectes_herzensteini,72647965
Pseudopleuronectes_yokohamae,26043370
Verasper_moseri,4379964
Verasper_variegatus,3979195
Colistium_nudipinnis,18267094
Scophthalmus_maximus,8382074
Trinectes_maculatus,18667029
Cynoglossus_abbreviatus,10080100
Cynoglossus_senegalensis,42263178
Cynoglossus_zanzibarensis,27985455
Symphurus_plagiusa,84890787
Brachirus_orientalis,22833033
Heteromycteris_japonicus,20465541
Solea_senegalensis,4266841
Ambassis_agassizii,83247688
Ambassis_gymnocephalus,30898627
Abudefduf_vaigiensis,4850722
Aldrichetta_forsteri,12798928
Chelon_labrosus,12798984
Mugil_cephalus,803964
Mugil_curema,12799068
Oedalechilus_labeo,12799124
Amphilophus_citrinellus,18887231
Pterophyllum_scalare,23629823
Cichla_temensis,86130256
Coptodon_zillii,22833672
Oreochromis_aureus,8745941
Oreochromis_macrochir,35993780
Oreochromis_mossambicus,3562077
Oreochromis_niloticus,8677313
Sarotherodon_galilaeus,67131857
Atherinomorus_lacunosus,35457132
Leuresthes_tenuis,41792619
Menidia_menidia,6799815
Melanotaenia_boesemani,26120938
Melanotaenia_fluviatilis,83248030
Oryzias_latipes,805432
Ablennes_hians,6799757
Tylosurus_crocodilus,72613628
Cololabis_saira,804089
Cheilopogon_atrisignis,27109334
Cheilopogon_unicolor,27109258
Nothobranchius_furzeri,7256391
Fundulopanchax_gardneri,41659756
Kryptolebias_marmoratus,804465
Millerichthys_robustus,89918157
Fundulus_catenatus,86114432
Fundulus_diaphanus,7668664
Fundulus_dispar,73927414
Fundulus_grandis,7668650
Fundulus_heteroclitus,7668423
Fundulus_luciae,84890140
Fundulus_notatus,26129188
Aphanius_iberus,79504973
Cyprinodon_bovinus,67137809
Cyprinodon_diabolis,27983668
Cyprinodon_macularius,67137771
Cyprinodon_variegatus,26048380
Jordanella_floridae,6993580
Gambusia_affinis,805447
Gambusia_holbrooki,26128466
Poecilia_latipinna,33409375
Poecilia_reticulata,19590713
Xiphophorus_helleri,8302508
Xiphophorus_maculatus,6986210
Eucinostomus_gula,85137630
Gerres_oyena,22909841
Ammodytes_hexapterus,14690256
Centrolabrus_exoletus,62623985
Ctenolabrus_rupestris,62623908
Xyrichtys_novacula,84890483
Lateolabrax_japonicus,41697932
Dicentrarchus_labrax,22832831
Dicentrarchus_punctatus,22832869
Morone_americana,27923688
Morone_saxatilis,9481402
Chaetodipterus_faber,89444169
Platax_orbicularis,8363521
Argyrosomus_japonicus,12079732
Atrobucca_nibe,34680181
Cynoscion_jamaicensis,89444359
Cynoscion_leiarchus,89444397
Larimichthys_polyactis,8746068
Micropogonias_furnieri,89445043
Micropogonias_undulatus,84875707
Protonibea_diacanthus,19908907
Pseudotolithus_elongatus,41797542
Sciaenops_ocellatus,11669649
Totoaba_macdonaldi,84875935
Acanthurus_triostegus,73950207
Zebrasoma_scopas,70636283
Naso_brevirostris,84880151
Naso_hexacanthus,71944596
Emmelichthys_nitidus,89920277
Plagiogeneion_rubiginosum,89920467
Branchiostegus_japonicus,8097524
Deveximentum_ruconius,67159801
Gazza_minuta,22909813
Pomacanthus_imperator,22975871
Conodon_nobilis,89444283
Parapristipoma_trilineatum,5623054
Pomadasys_kaakan,67791322
Lutjanus_analis,89444891
Lutjanus_carponotatus,41041953
Lutjanus_erythropterus,29141262
Lutjanus_fulviflamma,40867647
Lutjanus_kasmira,7042985
Lutjanus_malabaricus,7943001
Lutjanus_sebae,7943015
Lutjanus_synagris,84517947
Lutjanus_vitta,40511573
Ocyurus_chrysurus,89445195
Rhomboplites_aurorubens,84517529
Lobotes_surinamensis,22909827
Nemipterus_bathybius,27246651
Nemipterus_hexodon,55766212
Nemipterus_japonicus,18985102
Nemipterus_randalli,71882684
Sillago_aeolus,22548956
Sillago_japonica,26121811
Sillago_sihama,11538768
Spicara_maena,5619000
Dentex_dentex,36938591
Pagellus_acarne,36488607
Pagellus_bogaraveo,5183299
Pagellus_erythrinus,36937548
Acanthopagrus_schlegelii,13540319
Diplodus_sargus,67273192
Diplodus_cervinus,72856029
Evynnis_tumifrons,26898136
Pagrus_auriga,2648297
Pagrus_major,804440
Pagrus_pagrus,79582185
Parargyrops_edita,4555738
Rhabdosargus_sarba,20833094
Sparus_aurata,19555011
Siganus_argenteus,88582488
Priacanthus_macracanthus,26834513
Priacanthus_tayenus,26891997
Capros_aper,6386423
Lophiomus_setigerus,4108099
Lophius_americanus,805428
Lophius_litulon,18887245
Lophius_piscatorius,35991376
Balistes_vetula,7324194
Stephanolepis_hispidus,84517795
Mola_mola,2774433
Masturus_lanceolatus,2774444
Doederleinia_berycoides,5619130
Pempheris_schwenkii,22909883
Pentaceros_richardsoni,14411824
Polyprion_americanus,89445309
Scombrops_boops,24251809
Scombrops_gilberti,26376977
Centrarchus_macropterus,86114316
Pomoxis_annularis,75516700
Pomoxis_nigromaculatus,26129378
Archoplites_interruptus,75516662
Ambloplites_rupestris,33904104
Micropterus_dolomieu,6972986
Micropterus_punctulatus,75516814
Micropterus_salmoides,4100027
Lepomis_auritus,35198197
Lepomis_gibbosus,26128846
Lepomis_gulosus,40145200
Lepomis_humilis,86114240
Lepomis_macrochirus,11123195
Lepomis_megalotis,86114202
Lepomis_microlophus,75516738
Lepomis_symmetricus,86114277
Paracirrhites_arcatus,17099412
Elassoma_zonatum,6993594
Girella_punctata,8363535
Scorpis_lineolata,8363577
Bostockia_porosa,20356771
Maccullochella_ikei,26119136
Maccullochella_peelii,18668596
Macquaria_ambigua,20356799
Macquaria_novemaculeata,20356819
Nannoperca_vittata,88569506
Siniperca_chuatsi,10965112
Siniperca_knerii,11123234
Terapon_jarbua,24571176
Cephalopholis_fulva,89444131
Epinephelus_areolatus,15088290
Epinephelus_marginatus,89444549
Epinephelus_morio,89444587
Hyporthodus_niveatus,89444739
Hyporthodus_octofasciatus,14412343
Serranus_scriba,72646693
Percina_macrolepida,4100476
Percina_maculata,86114582
Percina_peltata,65343669
Percina_sciera,86114658
Percina_shumardi,86114734
Crystallaria_asprella,86114392
Etheostoma_blennioides,65343327
Etheostoma_caeruleum,33904142
Etheostoma_flabellare,40145162
Etheostoma_gracile,86114506
Etheostoma_microperca,88563590
Etheostoma_olmstedi,41699225
Etheostoma_radiosum,2657849
Etheostoma_spectabile,40141434
Etheostoma_trisella,54106776
Sander_canadensis,15824697
Sander_lucioperca,23629804
Sander_vitreus,26128884
Gymnocephalus_cernuus,22283899
Perca_flavescens,14048216
Perca_fluviatilis,22976145
Percilia_irwini,20356757
Echiichthys_vipera,62623946
Dolloidraco_longedorsalis,67284063
Neodraco_skottsbergi,67283987
Gerlachea_australis,67284101
Chaenocephalus_aceratus,10752038
Chaenodraco_wilsoni,37625116
Champsocephalus_gunnari,13435166
Chionobathyscus_dewitti,54107274
Chionodraco_hamatus,27109811
Chionodraco_myersi,6295665
Chionodraco_rastrospinosus,38280397
Cryodraco_antarcticus,42893849
Pseudochaenichthys_georgianus,67284293
Eleginops_maclovinus,30862037
Aethotaxis_mitopteryx,67283754
Dissostichus_eleginoides,13230660
Pleuragramma_antarcticum,10752010
Gobionotothen_gibberifrons,77663419
Lindbergichthys_nudifrons,67284179
Notothenia_coriiceps,10752024
Notothenia_rossii,59143359
Pagothenia_borchgrevinki,27982235
Trematomus_bernacchii,63139723
Trematomus_eulepidotus,67284331
Trematomus_hansoni,88572959
Trematomus_loennbergii,55747813
Trematomus_newnesi,76379583
Trematomus_nicolai,74563674
Platycephalus_indicus,17098978
Prionotus_carolinus,84890825
Prionotus_evolans,84890330
Chelidonichthys_kumu,33133038
Sebastes_aleutianus,38335147
Sebastes_alutus,84876125
Sebastes_auriculatus,84876695
Sebastes_babcocki,87693780
Sebastes_brevispinis,84876847
Sebastes_caurinus,75516966
Sebastes_ciliatus,70623679
Sebastes_constellatus,84876163
Sebastes_crameri,84876923
Sebastes_diploproa,84878557
Sebastes_elongatus,84878443
Sebastes_emphaeus,84878367
Sebastes_entomelas,84876277
Sebastes_fasciatus,34725344
Sebastes_flavidus,84876505
Sebastes_goodei,84876391
Sebastes_inermis,18267192
Sebastes_jordani,87693818
Sebastes_koreanus,18129834
Sebastes_maliger,67122975
Sebastes_melanops,70623717
Sebastes_melanostomus,84877379
Sebastes_miniatus,84876429
Sebastes_minor,25014840
Sebastes_mystinus,84876239
Sebastes_nebulosus,84876087
Sebastes_norvegicus,67123013
Sebastes_owstoni,22908859
Sebastes_paucispinis,84876961
Sebastes_pinniger,84876467
Sebastes_polyspinis,84891168
Sebastes_proriger,84876657
Sebastes_reedi,84877835
Sebastes_rosaceus,84877417
Sebastes_rosenblatti,84877455
Sebastes_ruberrimus,87693742
Sebastes_saxicola,84876201
Sebastes_schlegelii,2746419
Sebastes_taczanowskii,25014461
Sebastes_thompsoni,25014954
Sebastes_variabilis,70623755
Sebastes_variegatus,84877303
Sebastes_viviparus,62623604
Sebastes_vulpes,25014423
Sebastes_wilsoni,84876315
Sebastes_zacentrus,84876353
Sebastolobus_alascanus,84878519
Pterois_volitans,20832812
Inimicus_japonicus,59440917
Anoplopoma_fimbria,13230430
Erilepis_zonifer,24122513
Anarhichas_denticulatus,36838877
Anarhichas_lupus,5542035
Anarhichas_minor,36838993
Zoarces_americanus,88588900
Zoarces_viviparus,89913851
Lycodes_raridens,63367023
Leptoclinus_maculatus,25076557
Stichaeus_grigorjewi,42904299
Stichaeus_punctatus,71888100
Pholis_fangi,27213863
Pholis_gunnellus,62623642
Gasterosteus_aculeatus,39411479
Pungitius_pungitius,7042819
Culaea_inconstans,7042908
Apeltes_quadracus,7042891
Hypoptychus_dybowskii,805663
Hexagrammos_agrammus,15825135
Hexagrammos_stelleri,84878139
Cyclopterus_lumpus,77422095
Myoxocephalus_scorpius,40140076
Cottus_aleuticus,75516776
Cottus_bairdii,26128581
Cottus_beldingii,75508523
Cottus_cognatus,76828605
Cottus_confusus,75508561
Cottus_hangiongensis,10094476
Cottus_klamathensis,75508447
Cottus_pitensis,75508792
Cottus_volki,33127650
Gymnocanthus_herzensteini,32879798
Gymnocanthus_detrisus,84877265
Gymnocanthus_pistilliger,84877227
Gymnocanthus_intermedius,32879760
Hemilepidotus_jordani,84877075
Blepsias_cirrhosus,84876999
Latimeria_chalumnae,808085
Neoceratodus_forsteri,803878
Protopterus_aethiopicus,10007418
Boulengerula_taitana,14476771
Typhlonectes_natans,809288
Dermophis_mexicanus,14470060
Siphonops_annulatus,3964697
Andrias_japonicus,3703661
Andrias_davidianus,1461124
Hynobius_kimurae,22831836
Hynobius_nebulosus,14841967
Hynobius_quelpaertensis,5846303
Hynobius_yangi,8774597
Pachyhynobius_shangchengensis,4097667
Ranodon_sibiricus,805131
Salamandrella_keyserlingii,4097648
Batrachoseps_attenuatus,3085919
Eurycea_bislineata,3085811
Gyrinophilus_palleucus,26129340
Aneides_flavipunctatus,3085875
Desmognathus_fuscus,3085720
Ensatina_eschscholtzii,3085767
Phaeognathus_hubrichti,3085741
Rhyacotriton_variegatus,3097322
Ambystoma_mexicanum,2763191
Lyciasalamandra_atifi,803018
Echinotriton_andersoni,12798763
Tylototriton_verrucosus,12799494
Triturus_cristatus,10963972
Triturus_dobrogicus,10963986
Triturus_karelinii,10964000
Triturus_marmoratus,10964064
Paramesotriton_hongkongensis,3131163
Proteus_anguinus,18251090
Alytes_obstetricans,3251014
Bombina_bombina,41697949
Bombina_maxima,6450766
Bombina_orientalis,3247926
Bombina_variegata,4955093
Fejervarya_limnocharis,1457842
Fejervarya_multistriata,27111018
Hoplobatrachus_tigerinus,9829993
Xenopus_laevis,2642088
Pelobates_cultripes,4108344
Pelobates_fuscus,60457078
Hyla_annectans,20833453
Anaxyrus_americanus,54619902
Bufo_gargarizans,4356058
Bufo_japonicus,5656530
Bufotes_zamdaensis,44152703
Duttaphrynus_melanostictus,5798036
Strauchbufo_raddei,26219076
Leptodactylus_fallax,65341194
Microhyla_ornata,5074212
Pyxicephalus_adspersus,41662623
Euphlyctis_hexadactylus,9830134
Nanorana_parkeri,24020213
Nanorana_taihangnica,19591745
Zhangixalus_omeimontis,44789037
Amolops_mantzorum,19524267
Hylarana_guentheri,20160533
Lithobates_catesbeianus,17427715
Odorrana_grahami,69235803
Odorrana_margaretae,19909531
Pelophylax_bedriagae,26833187
Pelophylax_chosenicus,11256251
Pelophylax_epeiroticus,24143238
Pelophylax_nigromaculatus,803361
Rana_temporaria,40143064
Sphenodon_punctatus,807559
Coleonyx_variegatus,4670296
Eublepharis_macularius,30861817
Cyrtopodion_scabrum,33195047
Gekko_hokouensis,33362687
Gekko_gecko,3802079
Heteronotia_binoei,5857727
Plestiodon_chinensis,26889834
Plestiodon_egregius,808666
Aspidoscelis_exsanguis,76337617
Aspidoscelis_marmorata,76337731
Aspidoscelis_sexlineatus,76337883
Gallotia_atlantica,69228405
Acanthodactylus_boskianus,69228443
Acanthodactylus_erythrurus,69228481
Eremias_multiocellata,20833133
Darevskia_armeniaca,44149792
Darevskia_clarkorum,58114336
Darevskia_derjugini,58114180
Darevskia_parvula,44149906
Darevskia_raddei,58114297
Darevskia_rudis,44149982
Darevskia_valentini,43964863
Lacerta_agilis,16217034
Podarcis_muralis,7056462
Podarcis_siculus,7056489
Heloderma_suspectum,4670277
Anguis_fragilis,7670171
Chamaeleo_calyptratus,7670116
Calotes_versicolor,5333318
Basiliscus_vittatus,7996548
Cyclura_pinguis,24285947
Iguana_iguana,803349
Gambelia_wislizenii,7996578
Sceloporus_occidentalis,2866163
Uta_stansburiana,24572964
Boa_constrictor,3666142
Python_regius,3666211
Python_molurus,10964533
Vipera_berus,35987415
Daboia_russelii,6993631
Agkistrodon_piscivorus,5542050
Sistrurus_catenatus,79046980
Nerodia_sipedon,10964012
Coluber_constrictor,79047017
Orthriophis_taeniurus,20832467
Emydocephalus_ijimae,74864584
Micrurus_fulvius,8560564
Pelomedusa_subrufa,808277
Chelus_fimbriata,11123262
Chelodina_oblonga,36490269
Elseya_albagula,39416011
Elseya_dentata,39416049
Elusor_macrurus,27911420
Emydura_macquarii,39417388
Emydura_victoriae,41699445
Myuchelys_bellii,33912101
Pseudemydura_umbrina,33911141
Carettochelys_insculpta,25099103
Apalone_spinifera,15821827
Pelodiscus_sinensis,76376848
Trionyx_triunguis,8097576
Chelydra_serpentina,6917628
Macrochelys_temminckii,4960951
Lepidochelys_olivacea,26382070
Natator_depressus,13540165
Chelonia_mydas,808651
Eretmochelys_imbricata,7668606
Platysternon_megacephalum,4033468
Terrapene_carolina,77606974
Chrysemys_picta,808744
Graptemys_ouachitensis,79025393
Malaclemys_terrapin,29139755
Pseudemys_concinna,72128658
Pseudemys_peninsularis,72128696
Trachemys_scripta,7042785
Aldabrachelys_gigantea,26219796
Geochelone_elegans,39332082
Malacochersus_tornieri,3854652
Stigmochelys_pardalis,3854476
Testudo_graeca,3854497
Mauremys_japonica,11816496
Mauremys_rivulata,26835983
Mauremys_sinensis,11539221
Alligator_mississippiensis,808239
Caiman_crocodilus,803326
Paleosuchus_palpebrosus,5469158
Paleosuchus_trigonatus,5469368
Gavialis_gangeticus,4178384
Tomistoma_schlegelii,6482086
Crocodylus_johnsoni,10322783
Crocodylus_mindorensis,9977751
Crocodylus_porosus,4108086
Crocodylus_siamensis,4712073
Crocodylus_palustris,9978661
Crocodylus_niloticus,4108070
Crocodylus_moreletii,10322719
Crocodylus_rhombifer,19906778
Crocodylus_intermedius,10751895
Crocodylus_acutus,10751859
Mecistops_cataphractus,6262423
Osteolaemus_tetraspis,5469209
Struthio_camelus,803279
Rhea_americana,808194
Dromaius_novaehollandiae,803263
Casuarius_casuarius,803251
Alectura_lathami,3562183
Numida_meleagris,32282789
Callipepla_squamata,26889299
Colinus_virginianus,19909887
Lagopus_lagopus,33874620
Lagopus_muta,31079465
Meleagris_gallopavo,5848012
Tetrastes_bonasia,15088405
Perdix_perdix,38340205
Phasianus_colchicus,10609908
Pavo_cristatus,19907600
Gallus_gallus,63549487
Alectoris_chukar,14841020
Coturnix_japonica,804670
Tetraogallus_himalayensis,24571152
Clangula_hyemalis,89909624
Mergus_merganser,39121140
Anas_acuta,20004249
Anas_platyrhynchos,5405810
Mareca_americana,89909738
Mareca_strepera,42903866
Cygnus_cygnus,24286352
Cygnus_olor,24286390
Anser_anser,6917642
Branta_canadensis,3416014
Aythya_fuligula,19909397
Aythya_americana,808575
Aix_galericulata,18985060
Phoenicopterus_roseus,5797112
Phoenicopterus_ruber,26037148
Zenaida_macroura,30215727
Streptopelia_decaocto,36495664
Columba_livia,8889997
Caloenas_nicobarica,30219792
Hemiphaga_novaeseelandiae,8454103
Geococcyx_californianus,7113166
Ardeotis_kori,62624566
Otis_tarda,9087619
Psophia_crepitans,62624947
Grus_japonensis,14840879
Grus_monacha,14840921
Grus_americana,14840893
Grus_virgo,15088376
Antigone_antigone,14840963
Antigone_vipio,15821337
Antigone_canadensis,14840977
Antigone_rubicunda,14840949
Leucogeranus_leucogeranus,14840865
Gallinula_chloropus,10322742
Jacana_spinosa,19221471
Numenius_phaeopus,28253657
Limosa_haemastica,63382746
Arenaria_interpres,805168
Arenaria_melanocephala,89909586
Calidris_alpina,70615901
Philomachus_pugnax,54124880
Gallinago_delicata,89909662
Gallinago_gallinago,70601880
Tringa_totanus,41792581
Pinguinus_impennis,29287538
Aethia_cristatella,43560682
Onychoprion_fuscatus,76823869
Sterna_hirundo,35093103
Sterna_paradisaea,42893642
Gelochelidon_nilotica,35093065
Sternula_albifrons,26119576
Chroicocephalus_ridibundus,22163285
Larus_crassirostris,22161648
Larus_dominicanus,3415990
Rissa_tridactyla,84348653
Stercorarius_longicaudus,78073427
Stercorarius_parasiticus,62624756
Stercorarius_pomarinus,78073275
Stercorarius_skua,78073351
Stercorarius_maccormicki,22834067
Haematopus_ostralegus,31413036
Vanellus_vanellus,22163009
Charadrius_montanus,89424402
Charadrius_vociferus,62676532
Pluvialis_squatarola,65332455
Steatornis_caripensis,62627087
Aegotheles_cristatus,7113212
Cypseloides_fumigatus,32957906
Aerodramus_fuciphagus,63651166
Chaetura_pelagica,26408623
Apus_apus,4443260
Phaethon_rubricauda,4055764
Rhynochetos_jubatus,5788042
Gavia_stellata,3416062
Macronectes_giganteus,87696450
Pagodroma_nivea,58911805
Daption_capense,40866367
Ardenna_carneipes,67271249
Ardenna_pacifica,67271287
Pelecanoides_urinatrix,62626554
Phoebastria_immutabilis,22908829
Phoebastria_nigripes,22908814
Thalassarche_melanophrys,3474983
Oceanodroma_castro,39412044
Oceanites_oceanicus,62624642
Aptenodytes_forsteri,26045193
Spheniscus_demersus,17674407
Spheniscus_humboldti,34950551
Eudyptula_minor,806254
Eudyptes_chrysocome,4108498
Eudyptes_chrysolophus,63653198
Pygoscelis_adeliae,26737703
Pygoscelis_antarcticus,15825860
Pygoscelis_papua,36935527
Ciconia_ciconia,809217
Phalacrocorax_auritus,62627049
Phalacrocorax_carbo,24576561
Fregata_magnificens,62626097
Sula_dactylatra,71953265
Balaeniceps_rex,85190526
Ardea_cinerea,22521020
Ardea_purpurea,22548530
Bubulcus_ibis,22548502
Nycticorax_nycticorax,10964461
Platalea_leucorodia,7956385
Eudocimus_ruber,25020095
Nipponia_nippon,4108694
Threskiornis_aethiopicus,8363689
Circaetus_pectoralis,62626402
Aquila_chrysaetos,19350843
Accipiter_nisus,22162067
Milvus_migrans,37540571
Haliaeetus_albicilla,39342852
Pandion_haliaetus,4466926
Cathartes_aura,3827071
Coragyps_atratus,72645151
Sarcoramphus_papa,72645235
Vultur_gryphus,68626111
Ninox_novaeseelandiae,2853375
Ninox_strenua,31079102
Asio_otus,38330849
Asio_flammeus,25077181
Bubo_bubo,37544106
Bubo_scandiacus,37541272
Strix_uralensis,37541234
Upupa_epops,26119641
Rhinopomastus_cyanomelas,62626059
Buceros_bicornis,37543078
Rhabdotorrhinus_waldeni,10200642
Bucorvus_leadbeateri,10251276
Ceryle_rudis,19591973
Halcyon_smyrnensis,33905713
Eurystomus_orientalis,26045417
Merops_viridis,32879320
Dryobates_pubescens,26045353
Dryocopus_pileatus,4466914
Jynx_torquilla,65315881
Falco_naumanni,64854594
Falco_peregrinus,808591
Falco_sparverius,4466956
Falco_tinnunculus,6947136
Herpetotheres_cachinnans,62626249
Strigops_habroptila,2853398
Nestor_notabilis,25813003
Nymphicus_hollandicus,10251178
Calyptorhynchus_lathami,14962923
Zanda_latirostris,14962906
Eolophus_roseicapilla,38575558
Cacatua_moluccensis,14962900
Cacatua_pastinator,38572285
Ara_ararauna,26887768
Ara_glaucogularis,22831794
Ara_macao,42266782
Amazona_aestiva,30857321
Myiopsitta_monachus,25768645
Forpus_passerinus,25768607
Psittrichas_fulgidus,25768757
Agapornis_roseicollis,7113137
Melopsittacus_undulatus,4929787
Trichoglossus_euteles,84357486
Trichoglossus_haematodus,73909472
Neophema_chrysogaster,14216865
Eclectus_roratus,25768570
Psittacula_eupatria,40499044
Acanthisitta_chloris,59701869
Mionectes_oleagineus,20006369
Tyrannus_savana,59443644
Menura_novaehollandiae,3950774
Gerygone_igata,26831144
Dicrurus_macrocercus,65342886
Lanius_tephronotus,15332132
Cyanopica_cyanus,10965142
Aphelocoma_coerulescens,60235416
Corvus_corax,32947582
Corvus_frugilegus,808393
Corvus_hawaiiensis,24069941
Corvus_splendens,19909602
Pica_pica,10251290
Pica_hudsonia,79506241
Garrulus_glandarius,10964503
Eopsaltria_georgiana,24571931
Picathartes_gymnocephalus,63024672
Poecile_atricapillus,20357050
Poecile_palustris,24147137
Parus_major,39089583
Parus_monticolus,26120067
Periparus_ater,22909553
Eremophila_alpestris,55288174
Acrocephalus_scirpaceus,5848045
Delichon_urbicum,58903314
Tachycineta_albilinea,14841173
Tachycineta_bicolor,14841103
Tachycineta_cyaneoviridis,14841145
Tachycineta_leucorrhoa,14841201
Tachycineta_stolzmanni,14841159
Tachycineta_thalassina,14841117
Hirundo_atrocaerulea,58901191
Hirundo_neoxena,58901884
Hirundo_rustica,58903147
Hirundo_tahitica,55290507
Progne_chalybea,14841229
Riparia_riparia,70897591
Sylvia_atricapilla,5846197
Zosterops_lateralis,26831375
Trochalopteron_elliotii,32282049
Phylloscopus_trochilus,70635181
Phylloscopus_collybita,70635219
Ficedula_albicollis,16027872
Oenanthe_oenanthe,59443910
Catharus_fuscescens,59443340
Turdus_merula,26120105
Turdus_migratorius,20357120
Turdus_philomelos,26831413
Turdus_rufiventris,26119666
Buphagus_erythrorhynchus,63024635
Sturnus_vulgaris,26971364
Regulus_regulus,27213675
Tichodroma_muraria,63024786
Campylorhynchus_brunneicapillus,26898249
Thryothorus_ludovicianus,59449844
Sitta_europaea,63023950
Lonchura_oryzivora,26219872
Taeniopygia_guttata,3950792
Passer_domesticus,22162590
Motacilla_flava,70601842
Acanthis_flammea,24573564
Chlorodrepanis_flava,22162548
Himatione_sanguinea,22162464
Loxops_coccineus,22162604
Magumma_parva,22162744
Paroreomyza_montana,22162450
Haemorhous_mexicanus,22162576
Pinicola_enucleator,22162562
Serinus_canaria,37275795
Calcarius_ornatus,63024862
Cardinalis_cardinalis,22162688
Piranga_olivacea,39722617
Piranga_rubra,39722465
Thraupis_episcopus,22162394
Spizella_passerina,63024900
Zonotrichia_albicollis,63139744
Setophaga_kirtlandii,59443720
Agelaioides_badius,13825861
Agelaius_phoeniceus,13825721
Amblyramphus_holosericeus,13825735
Euphagus_cyanocephalus,13826085
Molothrus_aeneus,13825791
Molothrus_ater,60253647
Pseudoleistes_virescens,13825777
Quiscalus_mexicanus,59443568
Quiscalus_quiscula,13825749
Ornithorhynchus_anatinus,808704
Tachyglossus_aculeatus,804515
Didelphis_virginiana,807779
Monodelphis_domestica,3074660
Sarcophilus_harrisii,13826440
Antechinus_flavipes,65342079
Isoodon_macrourus,803002
Phascolarctos_cinereus,4108296
Trichosurus_vulpecula,803526
Tarsipes_rostratus,3187150
Petaurus_breviceps,4108113
Pseudocheirus_peregrinus,3187014
Lagostrophus_fasciatus,4363243
Lagorchestes_hirsutus,4108348
Macropus_fuliginosus,38328851
Macropus_giganteus,24707317
Macropus_robustus,808068
Potorous_tridactylus,3187007
Choloepus_didactylus,3338932
Myrmecophaga_tridactyla,26377892
Tamandua_mexicana,26377967
Chaetophractus_villosus,26377511
Tolypeutes_matacus,26378005
Dasypus_novemcinctus,808124
Dasypus_septemcinctus,26377777
Orycteropus_afer,808415
Macroscelides_proboscideus,804993
Elephantulus_rufescens,80029261
Echinops_telfairi,802327
Loxodonta_africana,808791
Elephas_maximus,2610363
Trichechus_manatus,5867376
Dugong_dugon,804492
Hydrodamalis_gigas,38573442
Dendrohyrax_dorsalis,5867476
Procavia_capensis,1485713
Crocidura_russula,67122574
Suncus_murinus,19909545
Blarina_brevicauda,40487463
Neomys_fodiens,22161690
Sorex_araneus,26045209
Condylura_cristata,27111344
Talpa_europaea,808923
Galemys_pyrenaicus,4126966
Erinaceus_europaeus,808443
Cynopterus_sphinx,54094925
Eidolon_helvum,54114065
Pteropus_alecto,17963491
Rousettus_aegyptiacus,3666153
Rousettus_leschenaultii,54095001
Rousettus_madagascariensis,54114787
Epomops_buettikoferi,54105253
Micropteropus_pusillus,54114483
Hipposideros_armiger,13539867
Hipposideros_larvatus,71432647
Hipposideros_pomona,71461813
Rhinolophus_ferrumequinum,14657863
Rhinolophus_marshalli,71462830
Mystacina_tuberculata,3338966
Carollia_perspicillata,17046611
Desmodus_rotundus,17046649
Molossus_molossus,74550813
Myotis_lucifugus,27214817
Myotis_macrodactylus,17427687
Myotis_myotis,26889525
Myotis_septentrionalis,56138912
Myotis_thysanodes,34949924
Nyctalus_noctula,24572245
Nyctalus_plancyi,39337194
Pipistrellus_pipistrellus,89917746
Corynorhinus_rafinesquii,11669738
Plecotus_auritus,10549341
Vespertilio_sinensis,19908564
Manis_crassicaudata,35117627
Manis_javanica,24019671
Manis_pentadactyla,70604392
Smutsia_gigantea,34726193
Smutsia_temminckii,22283520
Phataginus_tetradactyla,805055
Phataginus_tricuspis,24019657
Nandinia_binotata,19908823
Neofelis_nebulosa,4363213
Uncia_uncia,6262413
Panthera_tigris,10020640
Panthera_pardus,6262371
Panthera_onca,17674813
Panthera_leo,13080538
Catopuma_temminckii,24286857
Pardofelis_marmorata,26129568
Caracal_caracal,26129682
Leptailurus_serval,26130062
Profelis_aurata,26129417
Leopardus_pardalis,26130024
Leopardus_wiedii,26130138
Lynx_canadensis,26129948
Lynx_lynx,24285823
Lynx_pardinus,26130176
Lynx_rufus,9711188
Acinonyx_jubatus,2654020
Puma_concolor,11473380
Puma_yagouaroundi,26129872
Prionailurus_bengalensis,11341284
Prionailurus_rubiginosus,26129606
Prionailurus_viverrinus,26129644
Felis_catus,807934
Felis_chaus,26129720
Felis_manul,26130328
Felis_margarita,26129758
Felis_nigripes,26129797
Felis_silvestris,26129834
Arctictis_binturong,40866079
Paradoxurus_hermaphroditus,38284671
Civettictis_civetta,30861628
Viverricula_indica,20833033
Genetta_genetta,63385972
Crocuta_crocuta,14842171
Hyaena_brunnea,37541500
Hyaena_hyaena,14842157
Atilax_paludinosus,63386428
Herpestes_javanicus,3260248
Suricata_suricatta,44149148
Cryptoprocta_ferox,63385706
Galidia_elegans,63385592
Urocyon_cinereoargenteus,23765077
Canis_aureus,76332364
Canis_familiaris,804478
Canis_latrans,4097780
Canis_lupus,804478
Cuon_alpinus,8542347
Lycaon_pictus,26219174
Chrysocyon_brachyurus,19524154
Speothos_venaticus,63386200
Nyctereutes_procyonoides,8690242
Vulpes_lagopus,23629748
Vulpes_vulpes,4355753
Vulpes_zerda,18267234
Ursus_arctos,804858
Ursus_maritimus,804864
Ursus_americanus,804835
Ursus_thibetanus,5729855
Melursus_ursinus,5729834
Helarctos_malayanus,5729825
Ailuropoda_melanoleuca,5179727
Tremarctos_ornatus,5729846
Ailurus_fulgens,6741557
Mephitis_mephitis,14841939
Spilogale_putorius,6106772
Pteronura_brasiliensis,79031386
Lontra_canadensis,79031424
Enhydra_lutris,5333286
Hydrictis_maculicollis,44794369
Lutra_lutra,71922412
Aonyx_cinerea,33942219
Lutrogale_perspicillata,33944513
Mustela_erminea,22158199
Mustela_frenata,14841827
Mustela_lutreola,65318701
Mustela_nigripes,20466140
Mustela_nivalis,14841813
Mustela_putorius,14841799
Mustela_vison,14841841
Ictonyx_striatus,63386390
Poecilogale_albinucha,63386238
Gulo_gulo,5333327
Martes_americana,14841855
Martes_martes,16216541
Martes_pennanti,14842103
Martes_zibellina,7042798
Meles_meles,6741602
Mellivora_capensis,63386466
Taxidea_taxus,14841911
Procyon_lotor,4924862
Potos_flavus,63386314
Monachus_monachus,41954945
Neomonachus_schauinslandi,4356019
Mirounga_leonina,4355866
Lobodon_carcinophaga,4356408
Leptonychotes_weddellii,4355828
Cystophora_cristata,4356319
Erignathus_barbatus,4356336
Phoca_largha,4356260
Phoca_vitulina,807649
Pusa_hispida,4355904
Pusa_sibirica,4355943
Histriophoca_fasciata,4356205
Pagophilus_groenlandicus,4356243
Halichoerus_grypus,807758
Arctocephalus_australis,72622628
Arctocephalus_forsteri,804998
Arctocephalus_pusillus,4356167
Callorhinus_ursinus,4356071
Eumetopias_jubatus,805016
Neophoca_cinerea,4356485
Otaria_flavescens,55766302
Phocarctos_hookeri,4356129
Zalophus_californianus,4355790
Zalophus_wollebaeki,71714658
Odobenus_rosmarus_rosmarus,805040
Equus_hemionus,11256279
Equus_quagga,41852225
Tapirus_terrestris,63385744
Tapirus_bairdii,72620265
Rhinoceros_unicornis,808044
Dicerorhinus_sumatrensis,7871698
Diceros_bicornis,7871670
Ceratotherium_simum,808097
Camelus_dromedarius,5618956
Camelus_bactrianus,5309945
Lama_glama,7441186
Vicugna_pacos,809429
Sus_scrofa,808503
Pecari_tajacu,7441199
Monodon_monoceros,2658707
Delphinapterus_leucas,31412985
Phocoena_phocoena,2658445
Phocoenoides_dalli,63367824
Neophocaena_phocaenoides,15825158
Delphinus_delphis,35116565
Sousa_chinensis,7411782
Stenella_coeruleoalba,7411690
Stenella_attenuata,7412033
Stenella_longirostris,30686042
Stenella_frontalis,70614798
Tursiops_truncatus,7412047
Lagenorhynchus_albirostris,2658614
Feresa_attenuata,14048451
Globicephala_macrorhynchus,14048311
Globicephala_melas,14005111
Grampus_griseus,7412062
Orcaella_brevirostris,14048479
Peponocephala_electra,14048465
Pseudorca_crassidens,14048297
Orcinus_orca,72909418
Lipotes_vexillifer,3802094
Inia_geoffrensis,2658388
Pontoporia_blainvillei,2658757
Berardius_bairdii,2658773
Hyperoodon_ampullatus,2658829
Ziphius_cavirostris,15823919
Platanista_gangetica,67263137
Kogia_breviceps,2658671
Kogia_sima,39417412
Physeter_macrocephalus,809412
Balaenoptera_acutorostrata,2658504
Balaenoptera_borealis,3337157
Balaenoptera_edeni,3979144
Balaenoptera_musculus,807733
Balaenoptera_physalus,807613
Megaptera_novaeangliae,3337172
Eschrichtius_robustus,2658485
Caperea_marginata,2658580
Eubalaena_australis,3337240
Eubalaena_glacialis,36485952
Balaena_mysticetus,2658562
Hippopotamus_amphibius,808675
Hexaprotodon_liberiensis,14843249
Antilocapra_americana,14843487
Giraffa_camelopardalis,20355684
Okapia_johnstoni,14842325
Cervus_canadensis,59433137
Cervus_elaphus,3854394
Cervus_nippon,3453298
Dama_dama,14843207
Elaphurus_davidianus,13435435
Muntiacus_muntjak,806589
Muntiacus_reevesi,4405257
Rusa_timorensis,14842521
Rusa_unicolor,4356570
Capreolus_capreolus,14843431
Rangifer_tarandus,3854431
Odocoileus_virginianus,10322926
Alces_alces,14843501
Hydropotes_inermis,7256459
Moschus_berezovskii,7872544
Taurotragus_oryx,15089086
Tragelaphus_strepsiceros,15089128
Tragelaphus_imberbis,14841547
Bubalus_bubalis,56055854
Syncerus_caffer,14841519
Bison_bonasus,9072762
Bison_bison,7668451
Bos_grunniens,3119752
Bos_mutus,22161768
Gazella_dorcas,14843137
Gazella_subgutturosa,14843067
Antidorcas_marsupialis,15088133
Eudorcas_thomsonii,38344717
Saiga_tatarica,14842535
Madoqua_kirkii,14842185
Cephalophus_dorsalis,14843389
Cephalophus_rufilatus,14843305
Cephalophus_sylvicultor,14843291
Sylvicapra_grimmia,14842549
Pelea_capreolus,14842381
Redunca_fulvorufula,14842479
Aepyceros_melampus,14843529
Ovibos_moschatus,14841715
Capra_hircus,1485858
Capra_ibex,14841603
Ovis_ammon,14842051
Ovis_aries,808251
Ovis_canadensis,11029998
Capricornis_crispus,7440900
Oreamnos_americanus,14841701
Rupicapra_rupicapra,14841743
Hippotragus_equinus,14843039
Hippotragus_niger,14843025
Oryx_leucoryx,14842353
Addax_nasomaculatus,14843543
Connochaetes_gnou,14843235
Connochaetes_taurinus,14843221
Damaliscus_lunatus,18490625
Heterocephalus_glaber,10201216
Cryptomys_damarensis,25467581
Chinchilla_lanigera,15822225
Cavia_aperea,54115971
Cavia_porcellus,808634
Geocapromys_ingrahami,54604270
Myocastor_coypus,33948770
Proechimys_semispinosus,37629345
Octodon_degus,14864919
Eliomys_quercinus,69228861
Glis_glis,808188
Muscardinus_avellanarius,58900313
Sciurus_carolinensis,58115087
Sciurus_vulgaris,809276
Glaucomys_volans,58115642
Callospermophilus_lateralis,29077958
Urocitellus_richardsonii,29077920
Tamias_striatus,30688944
Neotamias_quadrivittatus,30688792
Marmota_flaviventris,40149862
Marmota_monax,83161873
Cynomys_ludovicianus,23764691
Ictidomys_tridecemlineatus,24576617
Spermophilus_citellus,69228899
Castor_fiber,26381964
Dipodomys_merriami,76821815
Dipodomys_spectabilis,76821853
Jaculus_jaculus,2715042
Microtus_arvalis,37540380
Microtus_cabrerae,67272906
Microtus_montanus,76375237
Microtus_ochrogaster,26045286
Microtus_richardsoni,55802764
Myodes_rufocanus,26898058
Myodes_rutilus,84025500
Ondatra_zibethicus,34724529
Dicrostonyx_groenlandicus,32230613
Dicrostonyx_torquatus,32879645
Cricetus_cricetus,36948813
Mesocricetus_auratus,8457925
Neotoma_albigula,76821891
Peromyscus_crinitus,33876465
Peromyscus_eremicus,54598108
Peromyscus_leucopus,36275552
Peromyscus_maniculatus,39105350
Peromyscus_polionotus,33874923
Onychomys_leucogaster,27111268
Sigmodon_hispidus,33874961
Acomys_cahirinus,14842577
Meriones_unguiculatus,18129805
Meriones_libycus,25193827
Psammomys_obesus,36495550
Apodemus_agrarius,11452166
Apodemus_sylvaticus,55763227
Micaelamys_namaquensis,63372733
Lemniscomys_rosalia,63372087
Dasymys_incomtus,63372581
Chiropodomys_gliroides,55763189
Mus_minutoides,79493815
Mus_musculus,17708
Otomys_irroratus,55762998
Mastomys_coucha,34682999
Mastomys_natalensis,35992027
Praomys_morio,73924392
Micromys_minutus,26037071
Bandicota_indica,26130882
Rattus_exulans,7751819
Rattus_fuscipes,10079914
Rattus_lutreolus,10079724
Rattus_norvegicus,26195
Rattus_rattus,7751801
Rattus_tiomanicus,27218082
Oryctolagus_cuniculus,808231
Lepus_europaeus,805144
Lepus_capensis,10965891
Lepus_timidus,19099692
Lepus_townsendii,19099705
Ochotona_princeps,2717275
Tupaia_glis,76811915
Tupaia_belangeri,809601
Galeopterus_variegatus,804975
Daubentonia_madagascariensis,5867431
Propithecus_diadema,22833116
Propithecus_tattersalli,25397692
Cheirogaleus_medius,74006820
Microcebus_murinus,26823973
Lemur_catta,68929182
Varecia_variegata,22833130
Nycticebus_coucang,803049
Nycticebus_pygmaeus,30861742
Perodicticus_potto,7944357
Loris_tardigradus,7956411
Galago_senegalensis,7944329
Otolemur_crassicaudatus,7944342
Carlito_syrichta,7944468
Cephalopachus_bancanus,803395
Callimico_goeldii,20004207
Callithrix_pygmaea,16488956
Callithrix_jacchus,22203902
Leontopithecus_rosalia,16489096
Leontocebus_nigricollis,72727517
Saguinus_oedipus,16489194
Aotus_trivirgatus,72726719
Plecturocebus_cupreus,16489264
Cebus_albifrons,803069
Sapajus_apella,72728011
Saimiri_sciureus,7944483
Ateles_geoffroyi,72728391
Ateles_paniscus,72728277
Alouatta_palliata,72728353
Lagothrix_lagothricha,16489082
Chlorocebus_aethiops,3416033
Cercopithecus_neglectus,65339175
Macaca_arctoides,20498073
Macaca_fascicularis,7857739
Macaca_fuscata,22158157
Macaca_mulatta,2846624
Macaca_radiata,35199749
Macaca_sylvanus,803077
Papio_anubis,14444631
Papio_hamadryas,71031128
Theropithecus_gelada,14216783
Cercocebus_torquatus,18984990
Mandrillus_sphinx,16489152
Trachypithecus_cristatus,18985088
Nasalis_larvatus,4171506
Hylobates_lar,808469
Symphalangus_syndactylus,9072796
Pongo_pygmaeus,807908
Gorilla_gorilla,6742689
Pan_paniscus,807872
Pan_troglodytes,807866
Homo_sapiens,4512
